S.no.,Part name,Quantity,Price ?,Total Amount,Links
1,Esp32,1,383,383,https://robocraze.com/products/nodemcu-32-wifi-bluetooth-esp32-development-board30-pin?_pos=1&_sid=393f679f1&_ss=r
2,IR Sensor/ Tracker,1,269,269,https://robocraze.com/products/smartelex-tracker-sensor-1?_pos=4&_sid=38411fb9b&_ss=r
3,Motor and Wheel pair,1,135,135,https://robocraze.com/products/300-rpm-dual-shaft-bo-motor-wheel-2-pcs?_pos=2&_sid=774097754&_ss=r
4,Caster Wheel,1,21,21,https://robocraze.com/products/metal-ball-caster-wheel-with-screw-and-nut?_pos=3&_sid=75e2f425e&_ss=r
5,Motor Driver Module,1,139,139,https://robocraze.com/products/l298-motor-driver-module?_pos=1&_sid=cb2b10585&_ss=r
6,Battery Holder,1,79,79,https://robocraze.com/products/18650-smd-smt-dual-battery-holder?_pos=2&_sid=e15b34357&_ss=r
7,3.7V 2600mAh 18650 battery,2,137,274,https://robocraze.com/products/18650-2200mah-3-7v-battery-cylinder-type-blue?_pos=1&_sid=139a09b47&_ss=r
8,female to female jumper wire,1,42,42,https://robocraze.com/products/f2f-jumper-wires-20cm-40pcs?_pos=1&_sid=9e70470ff&_ss=r
9,male to female jumper wires,1,23,23,https://robocraze.com/products/f2m-jumper-wires-20cm-20pcs?_pos=7&_sid=eafd3bedb&_ss=r
10,3d printed model,1,500,500,sourced by printing legion
,,,,1865,
